a[ Date;LT3|SChbU[:m<Mx1oBo String;erKZ8r<C/|}/G!02 String;WsoHuo'WV|?eG Integer;0l[<&7O6@T[VvR--4 Integer
02.01.1371;/>E&qzwnssiA}AH=}cy;5oWDvsoxbS4sA%-'LV~;-854036716;-693825284;
30.09.2181;B;1?A5yg60!;-1284788121;1943387609;
13.12.1771;}hu?;0$X;-1913726154;-2054665488;
06.11.2280;<mN,R8N=;$J95]U1U&jx$kj;1188555965;-734214835;
22.05.0763;c8k`X#,L.fAR;"Paj5?NB*e{iK"")&G>@Tt_";1211952142;-247553390;
30.03.1797;7iy:k*F|6?&}v!+nQz;"*hfhe;e@*{e=vuPr`~m";-283517526;-906903382;
28.09.0997;!Kx;N;-200601506;1421370706;
11.08.1706;E'E<#UX;v*0`Tr-pg:NU6;123151186;58015561;
22.01.0135;"4hW""1l-gEHt";]W4+{:76.A~=@A%;187338893;686505329;
04.01.2896;SYz,rHupK;Ju2mES?lu5rpRQ;-1773802728;274038504;
31.07.0807;$H9FiZ9^-Y7bmmMo;"ODQo=Dg]B>=?n;(%PnD0";-438313909;603926883;
16.08.2478;GWI[o?(HFya23W2oO.;"-LfDh""Hx%_";-689520854;909646150;
26.01.1466;|[g=j;|8FJHc>gJ|f<;-564784947;-1215033577;
30.02.1347;OoJ,#@r};BR5T*_'cgbpAO+Ue7;592365322;566198090;
06.10.1797;7^CBgy3Cyq]b;}8t~/J0T^jk91&g;339578296;1380376561;
16.07.0999;BCPD<?gdd>,l;-<=0;569458283;326687106;
07.04.1097;gMQg4/(u;"[2I_""KV-8lS";-2060463883;1060115262;
02.12.1879;`p+ko;y!~'SV'.=]8-T7]!;1198733395;-71266151;
17.12.1041;'WP;/vxxFfOq%[<;-1551043251;1238243461;
23.06.2526;8<I5r;x=s:fG&Y![#7vr03!H};1864486112;1071476534;
01.07.1928;),1L(p&i!|S,;rKV|kuQMcdH|K8dGY$;167882778;-1992508452;
24.10.1729;?V%'G`*dXCC);xInu!;-27043038;1082201602;
23.07.0904;BeSx:E;8kV*DmWW4%V5`$PeV}:,;-1284596728;1754623709;
07.12.1353;W;p|A.CM+a@IP)4%O-;298476545;-707559864;
25.04.1522;[({;9b_}C0*}m.fy(_X;2143304107;-1599259206;
26.04.0601;)Ah=;,U/2@L;528097824;1470363757;
14.04.2037;$z;"rJGN*""{%";-1140146557;-1480641180;
10.10.2420;"y4hRFDvV;FT8]Rnz4t";"Se<_#mcwzc""P}t";-2080708545;-1248460300;
26.08.1692;o.)l;bq_q)8kd;-1222340553;1144498749;
15.08.2321;q/=)3v]~6>QZMut;cK;-1282281833;-1587492233;
26.11.0723;~Dw;"Z{.C3ahs2+R=;Swb[G";-1250236063;-165441079;
02.02.2411;"z]E?9::%""9?NMz#!qR";9%{(Qr|1(R;1846621332;-630269737;
18.09.0816;?;]Uo,s/.9qxh@F]H+h^;1817078021;987857224;
24.08.1814;PV;b=ru9oJ>)2&6VF~pB};1103559477;655867096;
21.06.2353;o1AIV~~4^b0;"6=%""jrc'G`xFI{";-298725285;239844737;
27.03.2209;+v[vNyu;b;204578764;-1142283145;
26.05.1636;7rI5#rza$;""";E,FiS";-363322053;576311127;
02.08.1803;-2U;ghA|X~ulN4;550292072;457813460;
08.09.1373;w0m^d~n$vX83&#y;vvoWmIvy|vTp;1940585382;2096647966;
30.12.2214;"2$_>k-""?6?_3<4W|3K*";!-f<Nl74~cZrf;-2077974868;-1159687402;
18.04.1002;W[^6:)8j@xhI6_hIW;)?OFT!@A~8WO)6Nbi%;-2077469723;-620113582;
23.02.2389;8'I'Vk+9&?8?`Jyn[mk];0B2zo}jM]M^q&L|qZrB;1596256345;-83209677;
19.09.2533;"Kmt2N7;95R<MTp*#.hi`";!WG;-949860336;614789000;
08.03.1631;drd:BWE$[?s+;I/13jWq0_;-513805289;1556409621;
16.05.2717;wL*31q-)[&snD;"Sb)AM/G);X";-1025103974;-1697157401;
25.07.0899;<Nv~UN:vC_GL7T;C)MQO5`HqS('doE35W;-857197747;781742581;
11.09.1398;{[`$[E]2XQt;r])?Vt8$zUS3-ii;-1086830277;1634279303;
18.12.0789;Z;FP;-2025817798;1452191714;
23.06.1980;&Eo@R?H4,nIJ;"F;_WP<-VFF9In7]";1172613989;-1095305725;
13.08.1565;",pFy0y9iVTvB<""cIi";=iY30|CdK[;354438862;-1227526584;
26.07.0773;msr@l6e_rrlGy/r;"L9BNfz"".<|]T-jiMqc?G";-1686362590;1107739597;
02.12.0757;}ai4y;"U+4^"";k)fYfMz)m";585140397;1310098564;
04.05.1848;"{""~H";"_WlH$;";-325841660;1095323281;
01.05.1979;"j1Ua@;~d[4";@NX(47;-697630528;1864880752;
16.01.2780;_~FmqoHG#dV+X~#Ii._Q;"_;73kOBn6OO";970978368;-224265538;
06.11.1727;U&W<95uE~R&gx;>b(ezQ[6Ll]B5{2Mo#20;-919152941;-62096354;
15.09.2340;XB%+';"O[bk2$/yAAQ.0v;&=.*";64962230;-166895472;
03.01.0513;";_1|";<'O2T}zr63;-1987988925;-589501831;
20.01.2212;TV@s-2Auf:;"-u7M~v""'wBaDv6HI$K";-1188978622;1067026144;
31.07.1975;{NG7~VW`~;">;OIn,7o.c";1984615934;329159416;
